vm_sku_key,vm_sku_name,logical_cores,memory_gb
1,Standard_A1_v2,1,2
2,Standard_A2_v2,2,4
3,Standard_A2m_v2,2,16
4,Standard_A4_v2,4,8
5,Standard_A4m_v2,4,32
6,Standard_A8_v2,8,16
7,Standard_A8m_v2,8,64
8,Standard_B12ms,12,48
9,Standard_B16als_v2,16,32
10,Standard_B16as_v2,16,64
11,Standard_B16ls_v2,16,32
12,Standard_B16ms,16,64
13,Standard_B16pls_v2,16,32
14,Standard_B16ps_v2,16,64
15,Standard_B16s_v2,16,64
16,Standard_B1ls,1,0.5
17,Standard_B1ms,1,2
18,Standard_B1s,1,1
19,Standard_B20ms,20,80
20,Standard_B2als_v2,2,4
21,Standard_B2as_v2,2,8
22,Standard_B2ats_v2,2,1
23,Standard_B2ls_v2,2,4
24,Standard_B2ms,2,8
25,Standard_B2pls_v2,2,4
26,Standard_B2ps_v2,2,8
27,Standard_B2pts_v2,2,1
28,Standard_B2s,2,4
29,Standard_B2s_v2,2,8
30,Standard_B2ts_v2,2,1
31,Standard_B32als_v2,32,64
32,Standard_B32as_v2,32,128
33,Standard_B32ls_v2,32,64
34,Standard_B32s_v2,32,128
35,Standard_B4als_v2,4,8
36,Standard_B4as_v2,4,16
37,Standard_B4ls_v2,4,8
38,Standard_B4ms,4,16
39,Standard_B4pls_v2,4,8
40,Standard_B4ps_v2,4,16
41,Standard_B4s_v2,4,16
42,Standard_B8als_v2,8,16
43,Standard_B8as_v2,8,32
44,Standard_B8ls_v2,8,16
45,Standard_B8ms,8,32
46,Standard_B8pls_v2,8,16
47,Standard_B8ps_v2,8,32
48,Standard_B8s_v2,8,32
49,Standard_D1,1,3.5
50,Standard_D1_v2,1,3.5
51,Standard_D11,2,14
52,Standard_D11_v2,2,14
53,Standard_D11_v2_Promo,2,14
54,Standard_D12,4,28
55,Standard_D12_v2,4,28
56,Standard_D12_v2_Promo,4,28
57,Standard_D128ds_v6,128,512
58,Standard_D128lds_v6,128,256
59,Standard_D128ls_v6,128,256
60,Standard_D128s_v6,128,512
61,Standard_D13,8,56
62,Standard_D13_v2,8,56
63,Standard_D13_v2_Promo,8,56
64,Standard_D14,16,112
65,Standard_D14_v2,16,112
66,Standard_D14_v2_Promo,16,112
67,Standard_D15_v2,20,140
68,Standard_D16_v3,16,64
69,Standard_D16_v4,16,64
70,Standard_D16_v5,16,64
71,Standard_D16a_v4,16,64
72,Standard_D16ads_v5,16,64
73,Standard_D16ads_v6,16,64
74,Standard_D16alds_v6,16,32
75,Standard_D16als_v6,16,32
76,Standard_D16as_v4,16,64
77,Standard_D16as_v5,16,64
78,Standard_D16as_v6,16,64
79,Standard_D16d_v4,16,64
80,Standard_D16d_v5,16,64
81,Standard_D16ds_v4,16,64
82,Standard_D16ds_v5,16,64
83,Standard_D16ds_v6,16,64
84,Standard_D16lds_v5,16,32
85,Standard_D16lds_v6,16,32
86,Standard_D16ls_v5,16,32
87,Standard_D16ls_v6,16,32
88,Standard_D16pds_v5,16,64
89,Standard_D16pds_v6,16,64
90,Standard_D16plds_v5,16,32
91,Standard_D16plds_v6,16,32
92,Standard_D16pls_v5,16,32
93,Standard_D16pls_v6,16,32
94,Standard_D16ps_v5,16,64
95,Standard_D16ps_v6,16,64
96,Standard_D16s_v3,16,64
97,Standard_D16s_v4,16,64
98,Standard_D16s_v5,16,64
99,Standard_D16s_v6,16,64
100,Standard_D192ds_v6,192,768
101,Standard_D192s_v6,192,768
102,Standard_D2,2,7
103,Standard_D2_v2,2,7
104,Standard_D2_v2_Promo,2,7
105,Standard_D2_v3,2,8
106,Standard_D2_v4,2,8
107,Standard_D2_v5,2,8
108,Standard_D2a_v4,2,8
109,Standard_D2ads_v5,2,8
110,Standard_D2ads_v6,2,8
111,Standard_D2alds_v6,2,4
112,Standard_D2als_v6,2,4
113,Standard_D2as_v4,2,8
114,Standard_D2as_v5,2,8
115,Standard_D2as_v6,2,8
116,Standard_D2d_v4,2,8
117,Standard_D2d_v5,2,8
118,Standard_D2ds_v4,2,8
119,Standard_D2ds_v5,2,8
120,Standard_D2ds_v6,2,8
121,Standard_D2lds_v5,2,4
122,Standard_D2lds_v6,2,4
123,Standard_D2ls_v5,2,4
124,Standard_D2ls_v6,2,4
125,Standard_D2pds_v5,2,8
126,Standard_D2pds_v6,2,8
127,Standard_D2plds_v5,2,4
128,Standard_D2plds_v6,2,4
129,Standard_D2pls_v5,2,4
130,Standard_D2pls_v6,2,4
131,Standard_D2ps_v5,2,8
132,Standard_D2ps_v6,2,8
133,Standard_D2s_v3,2,8
134,Standard_D2s_v4,2,8
135,Standard_D2s_v5,2,8
136,Standard_D2s_v6,2,8
137,Standard_D3,4,14
138,Standard_D3_v2,4,14
139,Standard_D3_v2_Promo,4,14
140,Standard_D32_v3,32,128
141,Standard_D32_v4,32,128
142,Standard_D32_v5,32,128
143,Standard_D32a_v4,32,128
144,Standard_D32ads_v5,32,128
145,Standard_D32ads_v6,32,128
146,Standard_D32alds_v6,32,64
147,Standard_D32als_v6,32,64
148,Standard_D32as_v4,32,128
149,Standard_D32as_v5,32,128
150,Standard_D32as_v6,32,128
151,Standard_D32d_v4,32,128
152,Standard_D32d_v5,32,128
153,Standard_D32ds_v4,32,128
154,Standard_D32ds_v5,32,128
155,Standard_D32ds_v6,32,128
156,Standard_D32lds_v5,32,64
157,Standard_D32lds_v6,32,64
158,Standard_D32ls_v5,32,64
159,Standard_D32ls_v6,32,64
160,Standard_D32pds_v5,32,128
161,Standard_D32pds_v6,32,128
162,Standard_D32plds_v5,32,64
163,Standard_D32plds_v6,32,64
164,Standard_D32pls_v5,32,64
165,Standard_D32pls_v6,32,64
166,Standard_D32ps_v5,32,128
167,Standard_D32ps_v6,32,128
168,Standard_D32s_v3,32,128
169,Standard_D32s_v4,32,128
170,Standard_D32s_v5,32,128
171,Standard_D32s_v6,32,128
172,Standard_D4,8,28
173,Standard_D4_v2,8,28
174,Standard_D4_v2_Promo,8,28
175,Standard_D4_v3,4,16
176,Standard_D4_v4,4,16
177,Standard_D4_v5,4,16
178,Standard_D48_v3,48,192
179,Standard_D48_v4,48,192
180,Standard_D48_v5,48,192
181,Standard_D48a_v4,48,192
182,Standard_D48ads_v5,48,192
183,Standard_D48ads_v6,48,192
184,Standard_D48alds_v6,48,96
185,Standard_D48als_v6,48,96
186,Standard_D48as_v4,48,192
187,Standard_D48as_v5,48,192
188,Standard_D48as_v6,48,192
189,Standard_D48d_v4,48,192
190,Standard_D48d_v5,48,192
191,Standard_D48ds_v4,48,192
192,Standard_D48ds_v5,48,192
193,Standard_D48ds_v6,48,192
194,Standard_D48lds_v5,48,96
195,Standard_D48lds_v6,48,96
196,Standard_D48ls_v5,48,96
197,Standard_D48ls_v6,48,96
198,Standard_D48pds_v5,48,192
199,Standard_D48pds_v6,48,192
200,Standard_D48plds_v5,48,96
201,Standard_D48plds_v6,48,96
202,Standard_D48pls_v5,48,96
203,Standard_D48pls_v6,48,96
204,Standard_D48ps_v5,48,192
205,Standard_D48ps_v6,48,192
206,Standard_D48s_v3,48,192
207,Standard_D48s_v4,48,192
208,Standard_D48s_v5,48,192
209,Standard_D48s_v6,48,192
210,Standard_D4a_v4,4,16
211,Standard_D4ads_v5,4,16
212,Standard_D4ads_v6,4,16
213,Standard_D4alds_v6,4,8
214,Standard_D4als_v6,4,8
215,Standard_D4as_v4,4,16
216,Standard_D4as_v5,4,16
217,Standard_D4as_v6,4,16
218,Standard_D4d_v4,4,16
219,Standard_D4d_v5,4,16
220,Standard_D4ds_v4,4,16
221,Standard_D4ds_v5,4,16
222,Standard_D4ds_v6,4,16
223,Standard_D4lds_v5,4,8
224,Standard_D4lds_v6,4,8
225,Standard_D4ls_v5,4,8
226,Standard_D4ls_v6,4,8
227,Standard_D4pds_v5,4,16
228,Standard_D4pds_v6,4,16
229,Standard_D4plds_v5,4,8
230,Standard_D4plds_v6,4,8
231,Standard_D4pls_v5,4,8
232,Standard_D4pls_v6,4,8
233,Standard_D4ps_v5,4,16
234,Standard_D4ps_v6,4,16
235,Standard_D4s_v3,4,16
236,Standard_D4s_v4,4,16
237,Standard_D4s_v5,4,16
238,Standard_D4s_v6,4,16
239,Standard_D5_v2,16,56
240,Standard_D5_v2_Promo,16,56
241,Standard_D64_v3,64,256
242,Standard_D64_v4,64,256
243,Standard_D64_v5,64,256
244,Standard_D64a_v4,64,256
245,Standard_D64ads_v5,64,256
246,Standard_D64ads_v6,64,256
247,Standard_D64alds_v6,64,128
248,Standard_D64als_v6,64,128
249,Standard_D64as_v4,64,256
250,Standard_D64as_v5,64,256
251,Standard_D64as_v6,64,256
252,Standard_D64d_v4,64,256
253,Standard_D64d_v5,64,256
254,Standard_D64ds_v4,64,256
255,Standard_D64ds_v5,64,256
256,Standard_D64ds_v6,64,256
257,Standard_D64lds_v5,64,128
258,Standard_D64lds_v6,64,128
259,Standard_D64ls_v5,64,128
260,Standard_D64ls_v6,64,128
261,Standard_D64pds_v5,64,208
262,Standard_D64pds_v6,64,256
263,Standard_D64plds_v5,64,128
264,Standard_D64plds_v6,64,128
265,Standard_D64pls_v5,64,128
266,Standard_D64pls_v6,64,128
267,Standard_D64ps_v5,64,208
268,Standard_D64ps_v6,64,256
269,Standard_D64s_v3,64,256
270,Standard_D64s_v4,64,256
271,Standard_D64s_v5,64,256
272,Standard_D64s_v6,64,256
273,Standard_D8_v3,8,32
274,Standard_D8_v4,8,32
275,Standard_D8_v5,8,32
276,Standard_D8a_v4,8,32
277,Standard_D8ads_v5,8,32
278,Standard_D8ads_v6,8,32
279,Standard_D8alds_v6,8,16
280,Standard_D8als_v6,8,16
281,Standard_D8as_v4,8,32
282,Standard_D8as_v5,8,32
283,Standard_D8as_v6,8,32
284,Standard_D8d_v4,8,32
285,Standard_D8d_v5,8,32
286,Standard_D8ds_v4,8,32
287,Standard_D8ds_v5,8,32
288,Standard_D8ds_v6,8,32
289,Standard_D8lds_v5,8,16
290,Standard_D8lds_v6,8,16
291,Standard_D8ls_v5,8,16
292,Standard_D8ls_v6,8,16
293,Standard_D8pds_v5,8,32
294,Standard_D8pds_v6,8,32
295,Standard_D8plds_v5,8,16
296,Standard_D8plds_v6,8,16
297,Standard_D8pls_v5,8,16
298,Standard_D8pls_v6,8,16
299,Standard_D8ps_v5,8,32
300,Standard_D8ps_v6,8,32
301,Standard_D8s_v3,8,32
302,Standard_D8s_v4,8,32
303,Standard_D8s_v5,8,32
304,Standard_D8s_v6,8,32
305,Standard_D96_v5,96,384
306,Standard_D96a_v4,96,384
307,Standard_D96ads_v5,96,384
308,Standard_D96ads_v6,96,384
309,Standard_D96alds_v6,96,192
310,Standard_D96als_v6,96,192
311,Standard_D96as_v4,96,384
312,Standard_D96as_v5,96,384
313,Standard_D96as_v6,96,384
314,Standard_D96d_v5,96,384
315,Standard_D96ds_v5,96,384
316,Standard_D96ds_v6,96,384
317,Standard_D96lds_v5,96,192
318,Standard_D96lds_v6,96,192
319,Standard_D96ls_v5,96,192
320,Standard_D96ls_v6,96,192
321,Standard_D96pds_v6,96,384
322,Standard_D96plds_v6,96,192
323,Standard_D96pls_v6,96,192
324,Standard_D96ps_v6,96,384
325,Standard_D96s_v5,96,384
326,Standard_D96s_v6,96,384
327,Standard_DC16ads_cc_v5,16,64
328,Standard_DC16ads_v5,16,64
329,Standard_DC16as_cc_v5,16,64
330,Standard_DC16as_v5,16,64
331,Standard_DC16ds_v3,16,128
332,Standard_DC16s_v3,16,128
333,Standard_DC1ds_v3,1,8
334,Standard_DC1s_v2,1,4
335,Standard_DC1s_v3,1,8
336,Standard_DC24ds_v3,24,192
337,Standard_DC24s_v3,24,192
338,Standard_DC2ads_v5,2,8
339,Standard_DC2as_v5,2,8
340,Standard_DC2ds_v3,2,16
341,Standard_DC2s_v2,2,8
342,Standard_DC2s_v3,2,16
343,Standard_DC32ads_cc_v5,32,128
344,Standard_DC32ads_v5,32,128
345,Standard_DC32as_cc_v5,32,128
346,Standard_DC32as_v5,32,128
347,Standard_DC32ds_v3,32,256
348,Standard_DC32s_v3,32,256
349,Standard_DC48ads_cc_v5,48,192
350,Standard_DC48ads_v5,48,192
351,Standard_DC48as_cc_v5,48,192
352,Standard_DC48as_v5,48,192
353,Standard_DC48ds_v3,48,384
354,Standard_DC48s_v3,48,384
355,Standard_DC4ads_cc_v5,4,16
356,Standard_DC4ads_v5,4,16
357,Standard_DC4as_cc_v5,4,16
358,Standard_DC4as_v5,4,16
359,Standard_DC4ds_v3,4,32
360,Standard_DC4s_v2,4,16
361,Standard_DC4s_v3,4,32
362,Standard_DC64ads_cc_v5,64,256
363,Standard_DC64ads_v5,64,256
364,Standard_DC64as_cc_v5,64,256
365,Standard_DC64as_v5,64,256
366,Standard_DC8_v2,8,32
367,Standard_DC8ads_cc_v5,8,32
368,Standard_DC8ads_v5,8,32
369,Standard_DC8as_cc_v5,8,32
370,Standard_DC8as_v5,8,32
371,Standard_DC8ds_v3,8,64
372,Standard_DC8s_v3,8,64
373,Standard_DC96ads_cc_v5,96,384
374,Standard_DC96ads_v5,96,384
375,Standard_DC96as_cc_v5,96,384
376,Standard_DC96as_v5,96,384
377,Standard_DS1,1,3.5
378,Standard_DS1_v2,1,3.5
379,Standard_DS11,2,14
380,Standard_DS11_v2,2,14
381,Standard_DS11_v2_Promo,2,14
382,Standard_DS11-1_v2,2,14
383,Standard_DS12,4,28
384,Standard_DS12_v2,4,28
385,Standard_DS12_v2_Promo,4,28
386,Standard_DS12-1_v2,4,28
387,Standard_DS12-2_v2,4,28
388,Standard_DS13,8,56
389,Standard_DS13_v2,8,56
390,Standard_DS13_v2_Promo,8,56
391,Standard_DS13-2_v2,8,56
392,Standard_DS13-4_v2,8,56
393,Standard_DS14,16,112
394,Standard_DS14_v2,16,112
395,Standard_DS14_v2_Promo,16,112
396,Standard_DS14-4_v2,16,112
397,Standard_DS14-8_v2,16,112
398,Standard_DS15_v2,20,140
399,Standard_DS2,2,7
400,Standard_DS2_v2,2,7
401,Standard_DS2_v2_Promo,2,7
402,Standard_DS3,4,14
403,Standard_DS3_v2,4,14
404,Standard_DS3_v2_Promo,4,14
405,Standard_DS4,8,28
406,Standard_DS4_v2,8,28
407,Standard_DS4_v2_Promo,8,28
408,Standard_DS5_v2,16,56
409,Standard_DS5_v2_Promo,16,56
410,Standard_E104i_v5,104,672
411,Standard_E104id_v5,104,672
412,Standard_E104ids_v5,104,672
413,Standard_E104is_v5,104,672
414,Standard_E112iads_v5,112,672
415,Standard_E112ias_v5,112,672
416,Standard_E112ibds_v5,112,672
417,Standard_E112ibs_v5,112,672
418,Standard_E128-32ds_v6,128,1024
419,Standard_E128-32s_v6,128,1024
420,Standard_E128-64ds_v6,128,1024
421,Standard_E128-64s_v6,128,1024
422,Standard_E128ds_v6,128,1024
423,Standard_E128s_v6,128,1024
424,Standard_E16_v3,16,128
425,Standard_E16_v4,16,128
426,Standard_E16_v5,16,128
427,Standard_E16-4ads_v5,16,128
428,Standard_E16-4as_v4,16,128
429,Standard_E16-4as_v5,16,128
430,Standard_E16-4ds_v4,16,128
431,Standard_E16-4ds_v5,16,128
432,Standard_E16-4ds_v6,16,128
433,Standard_E16-4s_v3,16,128
434,Standard_E16-4s_v4,16,128
435,Standard_E16-4s_v5,16,128
436,Standard_E16-4s_v6,16,128
437,Standard_E16-8ads_v5,16,128
438,Standard_E16-8as_v4,16,128
439,Standard_E16-8as_v5,16,128
440,Standard_E16-8ds_v4,16,128
441,Standard_E16-8ds_v5,16,128
442,Standard_E16-8ds_v6,16,128
443,Standard_E16-8s_v3,16,128
444,Standard_E16-8s_v4,16,128
445,Standard_E16-8s_v5,16,128
446,Standard_E16-8s_v6,16,128
447,Standard_E16a_v4,16,128
448,Standard_E16ads_v5,16,128
449,Standard_E16ads_v6,16,128
450,Standard_E16as_v4,16,128
451,Standard_E16as_v5,16,128
452,Standard_E16as_v6,16,128
453,Standard_E16bds_v5,16,128
454,Standard_E16bs_v5,16,128
455,Standard_E16d_v4,16,128
456,Standard_E16d_v5,16,128
457,Standard_E16ds_v4,16,128
458,Standard_E16ds_v5,16,128
459,Standard_E16ds_v6,16,128
460,Standard_E16pds_v5,16,128
461,Standard_E16pds_v6,16,128
462,Standard_E16ps_v5,16,128
463,Standard_E16ps_v6,16,128
464,Standard_E16s_v3,16,128
465,Standard_E16s_v4,16,128
466,Standard_E16s_v5,16,128
467,Standard_E16s_v6,16,128
468,Standard_E192ids_v6,192,1832
469,Standard_E192is_v6,192,1832
470,Standard_E2_v3,2,16
471,Standard_E2_v4,2,16
472,Standard_E2_v5,2,16
473,Standard_E20_v3,20,160
474,Standard_E20_v4,20,160
475,Standard_E20_v5,20,160
476,Standard_E20a_v4,20,160
477,Standard_E20ads_v5,20,160
478,Standard_E20ads_v6,20,160
479,Standard_E20as_v4,20,160
480,Standard_E20as_v5,20,160
481,Standard_E20as_v6,20,160
482,Standard_E20d_v4,20,160
483,Standard_E20d_v5,20,160
484,Standard_E20ds_v4,20,160
485,Standard_E20ds_v5,20,160
486,Standard_E20ds_v6,20,160
487,Standard_E20pds_v5,20,160
488,Standard_E20ps_v5,20,160
489,Standard_E20s_v3,20,160
490,Standard_E20s_v4,20,160
491,Standard_E20s_v5,20,160
492,Standard_E20s_v6,20,160
493,Standard_E2a_v4,2,16
494,Standard_E2ads_v5,2,16
495,Standard_E2ads_v6,2,16
496,Standard_E2as_v4,2,16
497,Standard_E2as_v5,2,16
498,Standard_E2as_v6,2,16
499,Standard_E2bds_v5,2,16
500,Standard_E2bs_v5,2,16
501,Standard_E2d_v4,2,16
502,Standard_E2d_v5,2,16
503,Standard_E2ds_v4,2,16
504,Standard_E2ds_v5,2,16
505,Standard_E2ds_v6,2,16
506,Standard_E2pds_v5,2,16
507,Standard_E2pds_v6,2,16
508,Standard_E2ps_v5,2,16
509,Standard_E2ps_v6,2,16
510,Standard_E2s_v3,2,16
511,Standard_E2s_v4,2,16
512,Standard_E2s_v5,2,16
513,Standard_E2s_v6,2,16
514,Standard_E32_v3,32,256
515,Standard_E32_v4,32,256
516,Standard_E32_v5,32,256
517,Standard_E32-16ads_v5,32,256
518,Standard_E32-16as_v4,32,256
519,Standard_E32-16as_v5,32,256
520,Standard_E32-16ds_v4,32,256
521,Standard_E32-16ds_v5,32,256
522,Standard_E32-16ds_v6,32,256
523,Standard_E32-16s_v3,32,256
524,Standard_E32-16s_v4,32,256
525,Standard_E32-16s_v5,32,256
526,Standard_E32-16s_v6,32,256
527,Standard_E32-8ads_v5,32,256
528,Standard_E32-8as_v4,32,256
529,Standard_E32-8as_v5,32,256
530,Standard_E32-8ds_v4,32,256
531,Standard_E32-8ds_v5,32,256
532,Standard_E32-8ds_v6,32,256
533,Standard_E32-8s_v3,32,256
534,Standard_E32-8s_v4,32,256
535,Standard_E32-8s_v5,32,256
536,Standard_E32-8s_v6,32,256
537,Standard_E32a_v4,32,256
538,Standard_E32ads_v5,32,256
539,Standard_E32ads_v6,32,256
540,Standard_E32as_v4,32,256
541,Standard_E32as_v5,32,256
542,Standard_E32as_v6,32,256
543,Standard_E32bds_v5,32,256
544,Standard_E32bs_v5,32,256
545,Standard_E32d_v4,32,256
546,Standard_E32d_v5,32,256
547,Standard_E32ds_v4,32,256
548,Standard_E32ds_v5,32,256
549,Standard_E32ds_v6,32,256
550,Standard_E32pds_v5,32,208
551,Standard_E32pds_v6,32,256
552,Standard_E32ps_v5,32,208
553,Standard_E32ps_v6,32,256
554,Standard_E32s_v3,32,256
555,Standard_E32s_v4,32,256
556,Standard_E32s_v5,32,256
557,Standard_E32s_v6,32,256
558,Standard_E4_v3,4,32
559,Standard_E4_v4,4,32
560,Standard_E4_v5,4,32
561,Standard_E4-2ads_v5,4,32
562,Standard_E4-2as_v4,4,32
563,Standard_E4-2as_v5,4,32
564,Standard_E4-2ds_v4,4,32
565,Standard_E4-2ds_v5,4,32
566,Standard_E4-2ds_v6,4,32
567,Standard_E4-2s_v3,4,32
568,Standard_E4-2s_v4,4,32
569,Standard_E4-2s_v5,4,32
570,Standard_E4-2s_v6,4,32
571,Standard_E48_v3,48,384
572,Standard_E48_v4,48,384
573,Standard_E48_v5,48,384
574,Standard_E48a_v4,48,384
575,Standard_E48ads_v5,48,384
576,Standard_E48ads_v6,48,384
577,Standard_E48as_v4,48,384
578,Standard_E48as_v5,48,384
579,Standard_E48as_v6,48,384
580,Standard_E48bds_v5,48,384
581,Standard_E48bs_v5,48,384
582,Standard_E48d_v4,48,384
583,Standard_E48d_v5,48,384
584,Standard_E48ds_v4,48,384
585,Standard_E48ds_v5,48,384
586,Standard_E48ds_v6,48,384
587,Standard_E48pds_v6,48,384
588,Standard_E48ps_v6,48,384
589,Standard_E48s_v3,48,384
590,Standard_E48s_v4,48,384
591,Standard_E48s_v5,48,384
592,Standard_E48s_v6,48,384
593,Standard_E4a_v4,4,32
594,Standard_E4ads_v5,4,32
595,Standard_E4ads_v6,4,32
596,Standard_E4as_v4,4,32
597,Standard_E4as_v5,4,32
598,Standard_E4as_v6,4,32
599,Standard_E4bds_v5,4,32
600,Standard_E4bs_v5,4,32
601,Standard_E4d_v4,4,32
602,Standard_E4d_v5,4,32
603,Standard_E4ds_v4,4,32
604,Standard_E4ds_v5,4,32
605,Standard_E4ds_v6,4,32
606,Standard_E4pds_v5,4,32
607,Standard_E4pds_v6,4,32
608,Standard_E4ps_v5,4,32
609,Standard_E4ps_v6,4,32
610,Standard_E4s_v3,4,32
611,Standard_E4s_v4,4,32
612,Standard_E4s_v5,4,32
613,Standard_E4s_v6,4,32
614,Standard_E64_v3,64,432
615,Standard_E64_v4,64,504
616,Standard_E64_v5,64,512
617,Standard_E64-16ads_v5,64,512
618,Standard_E64-16as_v4,64,512
619,Standard_E64-16as_v5,64,512
620,Standard_E64-16ds_v4,64,504
621,Standard_E64-16ds_v5,64,512
622,Standard_E64-16ds_v6,64,512
623,Standard_E64-16s_v3,64,432
624,Standard_E64-16s_v4,64,504
625,Standard_E64-16s_v5,64,512
626,Standard_E64-16s_v6,64,512
627,Standard_E64-32ads_v5,64,512
628,Standard_E64-32as_v4,64,512
629,Standard_E64-32as_v5,64,512
630,Standard_E64-32ds_v4,64,504
631,Standard_E64-32ds_v5,64,512
632,Standard_E64-32ds_v6,64,512
633,Standard_E64-32s_v3,64,432
634,Standard_E64-32s_v4,64,504
635,Standard_E64-32s_v5,64,512
636,Standard_E64-32s_v6,64,512
637,Standard_E64a_v4,64,512
638,Standard_E64ads_v5,64,512
639,Standard_E64ads_v6,64,512
640,Standard_E64as_v4,64,512
641,Standard_E64as_v5,64,512
642,Standard_E64as_v6,64,512
643,Standard_E64bds_v5,64,512
644,Standard_E64bs_v5,64,512
645,Standard_E64d_v4,64,504
646,Standard_E64d_v5,64,512
647,Standard_E64ds_v4,64,504
648,Standard_E64ds_v5,64,512
649,Standard_E64ds_v6,64,512
650,Standard_E64i_v3,64,432
651,Standard_E64is_v3,64,432
652,Standard_E64pds_v6,64,512
653,Standard_E64ps_v6,64,512
654,Standard_E64s_v3,64,432
655,Standard_E64s_v4,64,504
656,Standard_E64s_v5,64,512
657,Standard_E64s_v6,64,512
658,Standard_E8_v3,8,64
659,Standard_E8_v4,8,64
660,Standard_E8_v5,8,64
661,Standard_E80ids_v4,80,504
662,Standard_E80is_v4,80,504
663,Standard_E8-2ads_v5,8,64
664,Standard_E8-2as_v4,8,64
665,Standard_E8-2as_v5,8,64
666,Standard_E8-2ds_v4,8,64
667,Standard_E8-2ds_v5,8,64
668,Standard_E8-2ds_v6,8,64
669,Standard_E8-2s_v3,8,64
670,Standard_E8-2s_v4,8,64
671,Standard_E8-2s_v5,8,64
672,Standard_E8-2s_v6,8,64
673,Standard_E8-4ads_v5,8,64
674,Standard_E8-4as_v4,8,64
675,Standard_E8-4as_v5,8,64
676,Standard_E8-4ds_v4,8,64
677,Standard_E8-4ds_v5,8,64
678,Standard_E8-4ds_v6,8,64
679,Standard_E8-4s_v3,8,64
680,Standard_E8-4s_v4,8,64
681,Standard_E8-4s_v5,8,64
682,Standard_E8-4s_v6,8,64
683,Standard_E8a_v4,8,64
684,Standard_E8ads_v5,8,64
685,Standard_E8ads_v6,8,64
686,Standard_E8as_v4,8,64
687,Standard_E8as_v5,8,64
688,Standard_E8as_v6,8,64
689,Standard_E8bds_v5,8,64
690,Standard_E8bs_v5,8,64
691,Standard_E8d_v4,8,64
692,Standard_E8d_v5,8,64
693,Standard_E8ds_v4,8,64
694,Standard_E8ds_v5,8,64
695,Standard_E8ds_v6,8,64
696,Standard_E8pds_v5,8,64
697,Standard_E8pds_v6,8,64
698,Standard_E8ps_v5,8,64
699,Standard_E8ps_v6,8,64
700,Standard_E8s_v3,8,64
701,Standard_E8s_v4,8,64
702,Standard_E8s_v5,8,64
703,Standard_E8s_v6,8,64
704,Standard_E96_v5,96,672
705,Standard_E96-24ads_v5,96,672
706,Standard_E96-24ads_v6,96,672
707,Standard_E96-24as_v4,96,672
708,Standard_E96-24as_v5,96,672
709,Standard_E96-24ds_v5,96,672
710,Standard_E96-24ds_v6,96,768
711,Standard_E96-24s_v5,96,672
712,Standard_E96-24s_v6,96,768
713,Standard_E96-48ads_v5,96,672
714,Standard_E96-48ads_v6,96,672
715,Standard_E96-48as_v4,96,672
716,Standard_E96-48as_v5,96,672
717,Standard_E96-48ds_v5,96,672
718,Standard_E96-48ds_v6,96,768
719,Standard_E96-48s_v5,96,672
720,Standard_E96-48s_v6,96,768
721,Standard_E96a_v4,96,672
722,Standard_E96ads_v5,96,672
723,Standard_E96ads_v6,96,672
724,Standard_E96as_v4,96,672
725,Standard_E96as_v5,96,672
726,Standard_E96as_v6,96,672
727,Standard_E96bds_v5,96,672
728,Standard_E96bs_v5,96,672
729,Standard_E96d_v5,96,672
730,Standard_E96ds_v5,96,672
731,Standard_E96ds_v6,96,768
732,Standard_E96ias_v4,96,672
733,Standard_E96pds_v6,96,672
734,Standard_E96ps_v6,96,672
735,Standard_E96s_v5,96,672
736,Standard_E96s_v6,96,768
737,Standard_EC16ads_cc_v5,16,128
738,Standard_EC16ads_v5,16,128
739,Standard_EC16as_cc_v5,16,128
740,Standard_EC16as_v5,16,128
741,Standard_EC20ads_cc_v5,20,160
742,Standard_EC20ads_v5,20,160
743,Standard_EC20as_cc_v5,20,160
744,Standard_EC20as_v5,20,160
745,Standard_EC2ads_v5,2,16
746,Standard_EC2as_v5,2,16
747,Standard_EC32ads_cc_v5,32,192
748,Standard_EC32ads_v5,32,192
749,Standard_EC32as_cc_v5,32,192
750,Standard_EC32as_v5,32,192
751,Standard_EC48ads_cc_v5,48,384
752,Standard_EC48ads_v5,48,384
753,Standard_EC48as_cc_v5,48,384
754,Standard_EC48as_v5,48,384
755,Standard_EC4ads_cc_v5,4,32
756,Standard_EC4ads_v5,4,32
757,Standard_EC4as_cc_v5,4,32
758,Standard_EC4as_v5,4,32
759,Standard_EC64ads_cc_v5,64,512
760,Standard_EC64ads_v5,64,512
761,Standard_EC64as_cc_v5,64,512
762,Standard_EC64as_v5,64,512
763,Standard_EC8ads_cc_v5,8,64
764,Standard_EC8ads_v5,8,64
765,Standard_EC8as_cc_v5,8,64
766,Standard_EC8as_v5,8,64
767,Standard_EC96ads_cc_v5,96,672
768,Standard_EC96ads_v5,96,672
769,Standard_EC96as_cc_v5,96,672
770,Standard_EC96as_v5,96,672
771,Standard_EC96iads_v5,96,672
772,Standard_EC96ias_v5,96,672
773,Standard_F1,1,2
774,Standard_F16,16,32
775,Standard_F16als_v6,16,32
776,Standard_F16ams_v6,16,128
777,Standard_F16as_v6,16,64
778,Standard_F16s,16,32
779,Standard_F16s_v2,16,32
780,Standard_F1s,1,2
781,Standard_F2,2,4
782,Standard_F2als_v6,2,4
783,Standard_F2ams_v6,2,16
784,Standard_F2as_v6,2,8
785,Standard_F2s,2,4
786,Standard_F2s_v2,2,4
787,Standard_F32als_v6,32,64
788,Standard_F32ams_v6,32,256
789,Standard_F32as_v6,32,128
790,Standard_F32s_v2,32,64
791,Standard_F4,4,8
792,Standard_F48als_v6,48,96
793,Standard_F48ams_v6,48,384
794,Standard_F48as_v6,48,192
795,Standard_F48s_v2,48,96
796,Standard_F4als_v6,4,8
797,Standard_F4ams_v6,4,32
798,Standard_F4as_v6,4,16
799,Standard_F4s,4,8
800,Standard_F4s_v2,4,8
801,Standard_F64als_v6,64,128
802,Standard_F64ams_v6,64,512
803,Standard_F64as_v6,64,256
804,Standard_F64s_v2,64,128
805,Standard_F72s_v2,72,144
806,Standard_F8,8,16
807,Standard_F8als_v6,8,16
808,Standard_F8ams_v6,8,64
809,Standard_F8as_v6,8,32
810,Standard_F8s,8,16
811,Standard_F8s_v2,8,16
812,Standard_FX12-6mds_v2,12,252
813,Standard_FX12-6ms_v2,12,252
814,Standard_FX12mds,12,252
815,Standard_FX12mds_v2,12,252
816,Standard_FX12ms_v2,12,252
817,Standard_FX16-4mds_v2,16,336
818,Standard_FX16-4ms_v2,16,336
819,Standard_FX16-8mds_v2,16,336
820,Standard_FX16-8ms_v2,16,336
821,Standard_FX16mds_v2,16,336
822,Standard_FX16ms_v2,16,336
823,Standard_FX24-12mds_v2,24,504
824,Standard_FX24-12ms_v2,24,504
825,Standard_FX24-6mds_v2,24,504
826,Standard_FX24-6ms_v2,24,504
827,Standard_FX24mds,24,504
828,Standard_FX24mds_v2,24,504
829,Standard_FX24ms_v2,24,504
830,Standard_FX2mds_v2,2,42
831,Standard_FX2ms_v2,2,42
832,Standard_FX32-16mds_v2,32,672
833,Standard_FX32-16ms_v2,32,672
834,Standard_FX32-8mds_v2,32,672
835,Standard_FX32-8ms_v2,32,672
836,Standard_FX32mds_v2,32,672
837,Standard_FX32ms_v2,32,672
838,Standard_FX36mds,36,756
839,Standard_FX4-2mds_v2,4,84
840,Standard_FX4-2ms_v2,4,84
841,Standard_FX48-12mds_v2,48,1008
842,Standard_FX48-12ms_v2,48,1008
843,Standard_FX48-24mds_v2,48,1008
844,Standard_FX48-24ms_v2,48,1008
845,Standard_FX48mds,48,1008
846,Standard_FX48mds_v2,48,1008
847,Standard_FX48ms_v2,48,1008
848,Standard_FX4mds,4,84
849,Standard_FX4mds_v2,4,84
850,Standard_FX4ms_v2,4,84
851,Standard_FX64-16mds_v2,64,1344
852,Standard_FX64-16ms_v2,64,1344
853,Standard_FX64-32mds_v2,64,1344
854,Standard_FX64-32ms_v2,64,1344
855,Standard_FX64mds_v2,64,1344
856,Standard_FX64ms_v2,64,1344
857,Standard_FX8-2mds_v2,8,168
858,Standard_FX8-2ms_v2,8,168
859,Standard_FX8-4mds_v2,8,168
860,Standard_FX8-4ms_v2,8,168
861,Standard_FX8mds_v2,8,168
862,Standard_FX8ms_v2,8,168
863,Standard_FX96-24mds_v2,96,1832
864,Standard_FX96-24ms_v2,96,1832
865,Standard_FX96-48mds_v2,96,1832
866,Standard_FX96-48ms_v2,96,1832
867,Standard_FX96mds_v2,96,1832
868,Standard_FX96ms_v2,96,1832
869,Standard_G1,2,28
870,Standard_G2,4,56
871,Standard_G3,8,112
872,Standard_G4,16,224
873,Standard_G5,32,448
874,Standard_GS1,2,28
875,Standard_GS2,4,56
876,Standard_GS3,8,112
877,Standard_GS4,16,224
878,Standard_GS4-4,16,224
879,Standard_GS4-8,16,224
880,Standard_GS5,32,448
881,Standard_GS5-16,32,448
882,Standard_GS5-8,32,448
883,Standard_HB120-16rs_v2,120,456
884,Standard_HB120-16rs_v3,120,456
885,Standard_HB120-32rs_v2,120,456
886,Standard_HB120-32rs_v3,120,456
887,Standard_HB120-64rs_v2,120,456
888,Standard_HB120-64rs_v3,120,456
889,Standard_HB120-96rs_v2,120,456
890,Standard_HB120-96rs_v3,120,456
891,Standard_HB120rs_v2,120,456
892,Standard_HB120rs_v3,120,456
893,Standard_HB176-144rs_v4,176,768
894,Standard_HB176-24rs_v4,176,768
895,Standard_HB176-48rs_v4,176,768
896,Standard_HB176-96rs_v4,176,768
897,Standard_HB176rs_v4,176,768
898,Standard_HC44-16rs,44,352
899,Standard_HC44-32rs,44,352
900,Standard_HC44rs,44,352
901,Standard_HX176-144rs,176,1408
902,Standard_HX176-24rs,176,1408
903,Standard_HX176-48rs,176,1408
904,Standard_HX176-96rs,176,1408
905,Standard_HX176rs,176,1408
906,Standard_L12aos_v4,12,96
907,Standard_L16aos_v4,16,128
908,Standard_L16as_v3,16,128
909,Standard_L16as_v4,16,128
910,Standard_L16s,16,128
911,Standard_L16s_v2,16,128
912,Standard_L16s_v3,16,128
913,Standard_L16s_v4,16,128
914,Standard_L24aos_v4,24,192
915,Standard_L2aos_v4,2,16
916,Standard_L2as_v4,2,16
917,Standard_L2s_v4,2,16
918,Standard_L32aos_v4,32,256
919,Standard_L32as_v3,32,256
920,Standard_L32as_v4,32,256
921,Standard_L32s,32,256
922,Standard_L32s_v2,32,256
923,Standard_L32s_v3,32,256
924,Standard_L32s_v4,32,256
925,Standard_L48as_v3,48,384
926,Standard_L48as_v4,48,384
927,Standard_L48s_v2,48,384
928,Standard_L48s_v3,48,384
929,Standard_L48s_v4,48,384
930,Standard_L4aos_v4,4,32
931,Standard_L4as_v4,4,32
932,Standard_L4s,4,32
933,Standard_L4s_v4,4,32
934,Standard_L64as_v3,64,512
935,Standard_L64as_v4,64,512
936,Standard_L64s_v2,64,512
937,Standard_L64s_v3,64,512
938,Standard_L64s_v4,64,512
939,Standard_L80as_v3,80,640
940,Standard_L80as_v4,80,640
941,Standard_L80s_v2,80,640
942,Standard_L80s_v3,80,640
943,Standard_L80s_v4,80,640
944,Standard_L8aos_v4,8,64
945,Standard_L8as_v3,8,64
946,Standard_L8as_v4,8,64
947,Standard_L8s,8,64
948,Standard_L8s_v2,8,64
949,Standard_L8s_v3,8,64
950,Standard_L8s_v4,8,64
951,Standard_L96as_v4,96,768
952,Standard_L96s_v4,96,768
953,Standard_M128,128,2048
954,Standard_M128-32ms,128,3892
955,Standard_M128-64bds_3_v3,128,2794
956,Standard_M128-64bds_v3,128,1024
957,Standard_M128-64bs_v3,128,1024
958,Standard_M128-64ms,128,3892
959,Standard_M128bds_3_v3,128,2794
960,Standard_M128bds_v3,128,1024
961,Standard_M128bs_v3,128,1024
962,Standard_M128dms_v2,128,3892
963,Standard_M128ds_v2,128,2048
964,Standard_M128m,128,3892
965,Standard_M128ms,128,3892
966,Standard_M128ms_v2,128,3892
967,Standard_M128s,128,2048
968,Standard_M128s_v2,128,2048
969,Standard_M12ds_v3,12,240
970,Standard_M12s_v3,12,240
971,Standard_M16-4ms,16,437.5
972,Standard_M16-8ms,16,437.5
973,Standard_M16bds_v3,16,128
974,Standard_M16bs_v3,16,128
975,Standard_M16ms,16,437.5
976,Standard_M176-88bds_4_v3,176,3892
977,Standard_M176-88bds_v3,176,1536
978,Standard_M176-88bs_v3,176,1536
979,Standard_M176bds_4_v3,176,3892
980,Standard_M176bds_v3,176,1536
981,Standard_M176bs_v3,176,1536
982,Standard_M176ds_3_v3,176,2794
983,Standard_M176ds_4_v3,176,3892
984,Standard_M176s_3_v3,176,2794
985,Standard_M176s_4_v3,176,3892
986,Standard_M192idms_v2,192,4096
987,Standard_M192ids_v2,192,2048
988,Standard_M192ims_v2,192,4096
989,Standard_M192is_v2,192,2048
990,Standard_M208ms_v2,208,5700
991,Standard_M208s_v2,208,2850
992,Standard_M24ds_v3,24,480
993,Standard_M24s_v3,24,480
994,Standard_M32-16ms,32,875
995,Standard_M32-8ms,32,875
996,Standard_M32bds_v3,32,256
997,Standard_M32bs_v3,32,256
998,Standard_M32dms_v2,32,875
999,Standard_M32ls,32,256
1000,Standard_M32ms,32,875
1001,Standard_M32ms_v2,32,875
1002,Standard_M32ts,32,192
1003,Standard_M416-208ms_v2,416,11400
1004,Standard_M416-208s_v2,416,5700
1005,Standard_M416bs_v3,416,3800
1006,Standard_M416ds_6_v3,416,5696
1007,Standard_M416ds_8_v3,416,7600
1008,Standard_M416ms_v2,416,11400
1009,Standard_M416s_10_v2,416,9496
1010,Standard_M416s_6_v3,416,5696
1011,Standard_M416s_8_v2,416,7600
1012,Standard_M416s_8_v3,416,7600
1013,Standard_M416s_9_v2,416,8568
1014,Standard_M416s_v2,416,5700
1015,Standard_M48bds_v3,48,384
1016,Standard_M48bs_v3,48,384
1017,Standard_M48ds_1_v3,48,974
1018,Standard_M48s_1_v3,48,974
1019,Standard_M624ds_12_v3,624,11400
1020,Standard_M624s_12_v3,624,11400
1021,Standard_M64,64,1024
1022,Standard_M64-16ms,64,1792
1023,Standard_M64-32bds_1_v3,64,1397
1024,Standard_M64-32ms,64,1792
1025,Standard_M64bds_1_v3,64,1397
1026,Standard_M64bds_v3,64,512
1027,Standard_M64bs_v3,64,512
1028,Standard_M64dms_v2,64,1792
1029,Standard_M64ds_v2,64,1024
1030,Standard_M64ls,64,512
1031,Standard_M64m,64,1792
1032,Standard_M64ms,64,1792
1033,Standard_M64ms_v2,64,1792
1034,Standard_M64s,64,1024
1035,Standard_M64s_v2,64,1024
1036,Standard_M8-2ms,8,218.75
1037,Standard_M832ds_12_v3,832,11400
1038,Standard_M832ids_16_v3,832,15200
1039,Standard_M832is_16_v3,832,15200
1040,Standard_M832s_12_v3,832,11400
1041,Standard_M8-4ms,8,218.75
1042,Standard_M8ms,8,218.75
1043,Standard_M96-48bds_2_v3,96,1946
1044,Standard_M96bds_2_v3,96,1946
1045,Standard_M96bds_v3,96,768
1046,Standard_M96bs_v3,96,768
1047,Standard_M96ds_1_v3,96,974
1048,Standard_M96ds_2_v3,96,1946
1049,Standard_M96s_1_v3,96,974
1050,Standard_M96s_2_v3,96,1946
1051,Standard_NC12s_v3,12,224
1052,Standard_NC16as_T4_v3,16,110
1053,Standard_NC24ads_A100_v4,24,220
1054,Standard_NC24rs_v3,24,448
1055,Standard_NC24s_v3,24,448
1056,Standard_NC40ads_H100_v5,40,320
1057,Standard_NC48ads_A100_v4,48,440
1058,Standard_NC4as_T4_v3,4,28
1059,Standard_NC64as_T4_v3,64,440
1060,Standard_NC6s_v3,6,112
1061,Standard_NC80adis_H100_v5,80,640
1062,Standard_NC8as_T4_v3,8,56
1063,Standard_NC96ads_A100_v4,96,880
1064,Standard_ND40rs_v2,40,672
1065,Standard_ND96amsr_A100_v4,96,1800
1066,Standard_ND96asr_v4,96,900
1067,Standard_ND96isr_H100_v5,96,1900
1068,Standard_NP10s,10,168
1069,Standard_NP20s,20,336
1070,Standard_NP40s,40,672
1071,Standard_NV12ads_A10_v5,12,110
1072,Standard_NV12ads_V710_v5,12,64
1073,Standard_NV12s_v2,12,224
1074,Standard_NV12s_v3,12,112
1075,Standard_NV16as_v4,16,56
1076,Standard_NV18ads_A10_v5,18,220
1077,Standard_NV24ads_V710_v5,24,128
1078,Standard_NV24s_v2,24,448
1079,Standard_NV24s_v3,24,224
1080,Standard_NV32as_v4,32,112
1081,Standard_NV36adms_A10_v5,36,880
1082,Standard_NV36ads_A10_v5,36,440
1083,Standard_NV48s_v3,48,448
1084,Standard_NV4ads_V710_v5,4,16
1085,Standard_NV4as_v4,4,14
1086,Standard_NV6ads_A10_v5,6,55
1087,Standard_NV6s_v2,6,112
1088,Standard_NV72ads_A10_v5,72,880
1089,Standard_NV8ads_V710_v5,8,32
1090,Standard_NV8as_v4,8,28
1091,Standard_PB6s,6,112
